Name;Author;Url;PreparationTime;Portions
Ensalada de Atún;Gourmet;https://www.gourmet.cl/recetas/ensalada-de-atun/;20;2
Ensalada de Porotos Negros;Gourmet;https://www.gourmet.cl/recetas/ensalada-porotos-negros/;30;2
Ensalada de Espinacas y Frutillas;Gourmet;https://www.gourmet.cl/recetas/ensalada-espinacas-frutillas/;15;2 
Molde de Arroz;Gourmet;https://www.gourmet.cl/recetas/molde-de-arroz/;35;8
Ensalada de Coleslaw;Gourmet;https://www.gourmet.cl/recetas/ensalada-de-coleslaw/;20;4 
Salsa de Cilantro;Gourmet;https://www.gourmet.cl/recetas/salsa-de-cilantro/;10;1
Ensalada de lentejas;Gourmet;https://www.gourmet.cl/recetas/ensalada-de-lentejas/;20;5 
Ensalada Rusa;Gourmet;https://www.gourmet.cl/recetas/ensalada-rusa/;15;4
Ensalada Chilena;Gourmet;https://www.gourmet.cl/recetas/ensalada-chilena/;20;4
Ensalada Griega;Gourmet;https://www.gourmet.cl/recetas/ensalada-griega/;15;4
Torta de Panqueques Salada;Gourmet;https://www.gourmet.cl/recetas/torta-de-panqueques-salada/;6;8 
Wrap de Ensalada Griega;Gourmet;https://www.gourmet.cl/recetas/wrap-de-ensalada-griega/;40;8
Ensalada de Quinoa y Pollo;Gourmet;https://www.gourmet.cl/recetas/ensalada-de-quinoa-y-pollo/;85;6
Ensalada de Porotos Granados;Gourmet;https://www.gourmet.cl/recetas/ensalada-de-porotos-granados/;10;8
Ostiones Acaramelados al Anís con Ensalada de...;Gourmet;https://www.gourmet.cl/recetas/ostiones-acaramelados-al-anis-con-ensalada-de.../;40;4
Ensalada de Cous-Cous al Azafrán;Gourmet;https://www.gourmet.cl/recetas/ensalada-de-cous-cous-al-azafran/;40;4
Ensalada con salmón;Gourmet;https://www.gourmet.cl/recetas/ensalada-con-salmon/;20;5
Ensalada Fresca de Mote;Gourmet;https://www.gourmet.cl/recetas/ensalada-fresca-de-mote/;20;4
Ensalada César;Gourmet;https://www.gourmet.cl/recetas/ensalada-cesar/;15;6
Ensalada de Pasta;Gourmet;https://www.gourmet.cl/recetas/ensalada-de-pasta/;20;4
Ensalada Veraniega;Gourmet;https://www.gourmet.cl/recetas/ensalada-veraniega/;30;6
Steaks de Coliflor con BBQ Merquén;Gourmet;https://www.gourmet.cl/recetas/steaks-de-coliflor-con-bbq-merquen/;45;4 
Camarones al Pil Pil;Gourmet;https://www.gourmet.cl/recetas/camarones-al-pil-pil/;20;4 
Choclos a la Parrilla con Soya y Ají;Gourmet;https://www.gourmet.cl/recetas/choclos-la-parrilla-soya-aji-amarillo-sesamo/;;3
Canapés Fríos;Gourmet;https://www.gourmet.cl/recetas/canapes-frios/;30;60
Champiñones Rellenos;Gourmet;https://www.gourmet.cl/recetas/champinones-rellenos/;45;4 
Crema de Espárragos casera;Gourmet;https://www.gourmet.cl/recetas/crema-esparragos-casera/;35;6 
Crema de espinacas casera;Gourmet;https://www.gourmet.cl/recetas/crema-de-espinacas-casera/;25;6 
Sopa de pollo;Gourmet;https://www.gourmet.cl/recetas/receta-sopa-de-pollo-gourmet/;35;4 
Crema de brócoli;Gourmet;https://www.gourmet.cl/recetas/crema-de-brocoli/;45;
Sopa de verduras;Gourmet;https://www.gourmet.cl/recetas/sopa-de-verduras/;35;4 
Budín de Zapallito Italiano;Gourmet;https://www.gourmet.cl/recetas/budin-zapallito-italiano/;60;6 
Ceviche de Reineta;Gourmet;https://www.gourmet.cl/recetas/ceviche-de-reineta/;30;4 
Huevos rellenos;Gourmet;https://www.gourmet.cl/recetas/huevos-rellenos/;15;4
Ceviche de Pulpo;Gourmet;https://www.gourmet.cl/recetas/ceviche-de-pulpo/;50;4 
Carpaccio de salmón;Gourmet;https://www.gourmet.cl/recetas/carpaccio-de-salmon/;20;6 
Centolla;Gourmet;https://www.gourmet.cl/recetas/centolla/;15;4 
Camarones al Ajillo;Gourmet;https://www.gourmet.cl/recetas/camarones-al-ajillo/;;4
Crema de Arvejas con Tocino;Gourmet;https://www.gourmet.cl/recetas/crema-de-arvejas-y-tocino/;15;4 
Ceviche de Salmón;Gourmet;https://www.gourmet.cl/recetas/ceviche-de-salmon/;15;4
Tiradito con Leche de Tigre;Gourmet;https://www.gourmet.cl/recetas/tiradito-con-leche-de-tigre/;15;4 
Kubbhe;Gourmet;https://www.gourmet.cl/recetas/kubbhe/;100;6
Torta de Panqueques Salada;Gourmet;https://www.gourmet.cl/recetas/torta-de-panqueques-salada/;6;8
Pulpo al Olivo;Gourmet;https://www.gourmet.cl/recetas/pulpo-al-olivo/;4;6
Machas en Salsa Verde;Gourmet;https://www.gourmet.cl/recetas/machas-con-salsa-verde/;15;4 
Crema de Choritos;Gourmet;https://www.gourmet.cl/recetas/crema-de-choritos/;20;4 
Mote con Machas y Salsa Verde;Gourmet;https://www.gourmet.cl/recetas/mote-con-machas-y-salsa-verde/;50;4 
Tártaro de Carne;Gourmet;https://www.gourmet.cl/recetas/tartaro-de-carne/;10;2
Hojitas de parra y repollo rellenas;Gourmet;https://www.gourmet.cl/recetas/hojitas-de-parra-y-repollo-rellenas/;60;4 
Palta Reina;Gourmet;https://www.gourmet.cl/recetas/palta-reina/;120;6 
Sopa de tomates y zanahorias al azafrán;Gourmet;https://www.gourmet.cl/recetas/sopa-de-tomates-y-zanahorias-al-azafran/;35;6 
Mini Strudels de Champiñón y Espinaca;Gourmet;https://www.gourmet.cl/recetas/mini-strudels-de-champinon-y-espinaca/;;
Tarta de zapallo y cebolla caramelizada;Gourmet;https://www.gourmet.cl/recetas/tarta-de-zapallo-y-cebolla-caramelizada/;65;8 
Salmón con Palta en Vasitos;Gourmet;https://www.gourmet.cl/recetas/vasitos-de-salmon-y-palta/;15;2 
Budín de Zapallo Italiano;Gourmet;https://www.gourmet.cl/recetas/budin-de-zapallitos-italianos/;60;5 
Tartaletas de Albahaca y Queso Parmesano;Gourmet;https://www.gourmet.cl/recetas/tartaletas-mini-de-albahaca-y-queso-parmesano/;20;6
Tarta de Tomates;Gourmet;https://www.gourmet.cl/recetas/tarta-de-tomates/;40;6 
Molde de Salmón Ahumado Relleno de Mousse de...;Gourmet;https://www.gourmet.cl/recetas/molde-de-salmon-ahumado-relleno-de-mousse-de.../;15;6 
Ceviche de Champiñones;Gourmet;https://www.gourmet.cl/recetas/cebiche-de-champinones/;20;8 
Empanadas Salteñas;Gourmet;https://www.gourmet.cl/recetas/empanadas-saltenas/;60;20
Fondue de Queso en Pan;Gourmet;https://www.gourmet.cl/recetas/fondue-de-queso-en-pan/;30;8 
Consomé de Pollo;Gourmet;https://www.gourmet.cl/recetas/consome-de-pollo/;30;10
Crema de Verduras;Gourmet;https://www.gourmet.cl/recetas/crema-de-verduras/;40;6 
Zapallo Italiano al Horno en Rodajas;Gourmet;https://www.gourmet.cl/recetas/rodajas-de-zapallitos-crocantes/;20;6 
Empanadas de Machas a la Parmesana;Gourmet;https://www.gourmet.cl/recetas/empanadas-de-machas-a-la-parmesana/;45;10 
Mini Strudels de Champiñones;Gourmet;https://www.gourmet.cl/recetas/mini-strudels-de-champinones/;30;8
Couscous con Zanahorias y Cilantro;Gourmet;https://www.gourmet.cl/recetas/couscous-con-zanahorias-y-cilantro/;30;4 
Bisque de Camarones;Gourmet;https://www.gourmet.cl/recetas/bisque-de-camarones/;60;4
Crema de Zapallo Italiano y Albahaca;Gourmet;https://www.gourmet.cl/recetas/sopa-de-zapallitos-italianos-y-albahaca/;30;4
Fritatta de Cebolla, Pimentones y Queso de Cabra;Gourmet;https://www.gourmet.cl/recetas/fritatta-de-cebolla,-pimentones-y-queso-de-cabra/;30;4
Sopa de Cebolla;Gourmet;https://www.gourmet.cl/recetas/sopa-de-cebolla/;120;10 
Napoleón de Salmón;Gourmet;https://www.gourmet.cl/recetas/napoleon-de-salmon/;25;2 
Bolitas de Tomate Seco y Tocino;Gourmet;https://www.gourmet.cl/recetas/bolitas-de-tomate-seco-y-tocino/;70;6 
Tarta de Espinacas y Ricotta con Tomates;Gourmet;https://www.gourmet.cl/recetas/tarta-de-espinacas-ricotta-y-tomates/;50;6 
Ostiones Acaramelados al Anís con Ensalada de...;Gourmet;https://www.gourmet.cl/recetas/ostiones-acaramelados-al-anis-con-ensalada-de.../;40;4 
Ostiones con Salsa de Vainilla;Gourmet;https://www.gourmet.cl/recetas/ostiones-con-salsa-de-vainilla/;30;4 
Camarones en Salsa de Anís;Gourmet;https://www.gourmet.cl/recetas/camarones-en-salsa-de-anis/;30;4 
Jamón de Pavo Acaramelado con Clavos de Olor;Gourmet;https://www.gourmet.cl/recetas/jamon-de-pavo-acaramelado-con-clavos-de-olor/;60;4
Roast Beef;Gourmet;https://www.gourmet.cl/recetas/roastbeef-con-mostaza-y-mix-de-pimientas/;60;4
Tataki de Res en Costra de Hierbas;Gourmet;https://www.gourmet.cl/recetas/tataki-de-res-en-costra-de-hierbas/;90;4 
Pastel de Pescado;Gourmet;https://www.gourmet.cl/recetas/pastel-de-pescado/;60;4 
Crema de Zapallo Italiano al Cardamomo con...;Gourmet;https://www.gourmet.cl/recetas/crema-de-zapallo-italiano-al-cardamomo-con.../;30;4 
Wrap de Pollo al Cardamomo;Gourmet;https://www.gourmet.cl/recetas/wrap-de-pollo-al-cardamomo/;60;5 
Crema de Lentejas al Curry;Gourmet;https://www.gourmet.cl/recetas/crema-de-lentejas-al-curry/;45;4 
Curry de Pollo con Pan Indio;Gourmet;https://www.gourmet.cl/recetas/curry-de-pollo-con-nan-pan-indio/;50;4 
Ostiones a la Parmesana;Gourmet;https://www.gourmet.cl/recetas/ostiones-a-la-parmesana/;30;6 
Mousse de Atún con ensalada de Tomates;Gourmet;https://www.gourmet.cl/recetas/vasitos-de-mousse-de-atun-con-ensalada-de-tomates/;80;10 
Terrina de Verduras Asadas;Gourmet;https://www.gourmet.cl/recetas/terrina-de-vegetales-asados/;60;8 
Mousse de Atún al Eneldo;Gourmet;https://www.gourmet.cl/recetas/mousse-de-atun-al-eneldo/;;4 
Ceviche de Reineta y Camarones;Gourmet;https://www.gourmet.cl/recetas/cebiche-de-reineta-y-camarones/;20;10 
Quiche de Cebolla y Ricotta;Gourmet;https://www.gourmet.cl/recetas/quiche-de-cebolla-y-ricotta/;65;6 
Tortilla Gourmet;Gourmet;https://www.gourmet.cl/recetas/tortilla-gourmet/;;
Wrap de Pollo;Gourmet;https://www.gourmet.cl/recetas/wrap-de-pollo/;;
Wrap de Atún;Gourmet;https://www.gourmet.cl/recetas/wrap-de-atun/;20;1
Tortilla de Papas;Gourmet;https://www.gourmet.cl/recetas/tortilla-de-papas/;20;4 
Quiche de Atún;Gourmet;https://www.gourmet.cl/recetas/quiche-de-atun/;;
Machas a la Parmesana;Gourmet;https://www.gourmet.cl/recetas/machas-a-la-parmesana/;15;6 
Empanadas de Pino;Gourmet;https://www.gourmet.cl/recetas/empanadas-de-pino/;90;12
Empanadas Fritas de Pino;Gourmet;https://www.gourmet.cl/recetas/empanadas-fritas-de-pino/;60;8
Empanadas de Mariscos;Gourmet;https://www.gourmet.cl/recetas/empanada-de-mariscos/;30;4
Crema de Zapallo;Gourmet;https://www.gourmet.cl/recetas/crema-de-zapallo/;25;6
Crema de Zapallo Camote;Gourmet;https://www.gourmet.cl/recetas/crema-de-zapallo-camote/;40;6 
Crema de Tomates;Gourmet;https://www.gourmet.cl/recetas/crema-de-tomates/;45;4
Crema de Champiñones Casera;Gourmet;https://www.gourmet.cl/recetas/crema-de-champinones-casera/;30;8 
Carpaccio;Gourmet;https://www.gourmet.cl/recetas/carpaccio/;;
Camarones en Salsa;Gourmet;https://www.gourmet.cl/recetas/camarones-en-salsa/;30;4 
Arrollados de Primavera;Gourmet;https://www.gourmet.cl/recetas/arrollados-de-primavera/;20;10
Causa Limeña;Gourmet;https://www.gourmet.cl/recetas/causa-limena/;30;8
Carpaccio de Verduras;Gourmet;https://www.gourmet.cl/recetas/carpaccio-de-verduras/;15;3
Steaks de Coliflor con BBQ Merquén;Gourmet;https://www.gourmet.cl/recetas/steaks-de-coliflor-con-bbq-merquen/;45;4 
Tortitas de Papa;Gourmet;https://www.gourmet.cl/recetas/tortitas-de-papa/;80;4 
Lentejas con Arroz;Gourmet;https://www.gourmet.cl/recetas/lentejas-con-arroz/;80;6 
Tortilla de Acelga;Gourmet;https://www.gourmet.cl/recetas/tortilla-de-acelga/;30;5 
Quiche Vegetariano con Masa de Quinoa;Gourmet;https://www.gourmet.cl/recetas/quiche-vegetariano-masa-quinoa/;75;6 
Risotto de Mote con Espárragos y Habas;Gourmet;https://www.gourmet.cl/recetas/risotto-mote-esparragos-habas/;60;2 
Camarones al Pil Pil;Gourmet;https://www.gourmet.cl/recetas/camarones-al-pil-pil/;20;4 
Risotto de Camarones;Gourmet;https://www.gourmet.cl/recetas/risotto-de-camarones/;60;4 
Chupe de Jaiba;Gourmet;https://www.gourmet.cl/recetas/chupe-de-jaiba/;40;4 
Salmón a la Mantequilla con Espárragos;Gourmet;https://www.gourmet.cl/recetas/salmon-la-mantequilla/;25;4 
Merluza a la Pimienta Limón;Gourmet;https://www.gourmet.cl/recetas/merluza-la-pimienta-limon/;50;5 
Pescado al Horno;Gourmet;https://www.gourmet.cl/recetas/pescado-al-horno/;25;4
Tacos al Pastor Mexicanos;Gourmet;https://www.gourmet.cl/recetas/tacos-al-pastor/;60;4
Hamburguesa de Atún;Gourmet;https://www.gourmet.cl/recetas/hamburguesa-de-atun/;20;4
Sandwich Capresse Saludable;Gourmet;https://www.gourmet.cl/recetas/sandwich-capresse-saludable/;10;2
Sandwich en Pan Pita con Pollo;Gourmet;https://www.gourmet.cl/recetas/sandwich-pollo-saludable-pan-pita/;30;3
Salmón a la Naranja con Salsa Oriental;Gourmet;https://www.gourmet.cl/recetas/salmon-salsa-oriental/;25;4
Pollo Relleno con Espinacas y Alcachofas;Gourmet;https://www.gourmet.cl/recetas/pollo-relleno-espinacas-alcachofas/;45;6 
Enchiladas;Gourmet;https://www.gourmet.cl/recetas/enchiladas/;30;6 
Tamales;Gourmet;https://www.gourmet.cl/recetas/tamales/;60;10
Sopa Toscana de Porotos;Gourmet;https://www.gourmet.cl/recetas/sopa-toscana-porotos/;30;4 
Tacos de Carne;Gourmet;https://www.gourmet.cl/recetas/tacos-de-carne/;75;6 
Carne a la Plancha con Espinacas a la Crema;Gourmet;https://www.gourmet.cl/recetas/carne-la-plancha-espinacas-la-crema/;45;4 
Chili con Carne;Gourmet;https://www.gourmet.cl/recetas/chili-con-carne/;40;4 
Pollo Teriyaki;Gourmet;https://www.gourmet.cl/recetas/pollo-teriyaki/;30;5 
Chilaquiles;Gourmet;https://www.gourmet.cl/recetas/chilaquiles/;45;4 
Pollo a la Pimienta Limón;Gourmet;https://www.gourmet.cl/recetas/pollo-pimienta-limon/;50;3 
Pulled Pork;Gourmet;https://www.gourmet.cl/recetas/pulled-pork/;560;6 
Salmón con Salsa Teriyaki y Arroz Pegajoso;Gourmet;https://www.gourmet.cl/recetas/salmon-salsa-teriyaki-arroz-pegajoso/;25;3 
Pollo Asado Ahumado con Papas;Gourmet;https://www.gourmet.cl/recetas/pollo-asado-ahumado-papas/;80;4 
Buddha Bowl de Garbanzos Crispy;Gourmet;https://www.gourmet.cl/recetas/buddha-bowl-garbanzos-crispy/;90;2 
Zapallo Spaghetti con Tomate Cherry y Albahaca;Gourmet;https://www.gourmet.cl/recetas/zapallo-spaghetti-tomate-cherry-albahaca/;60;2 
Shoyu Ramen;Gourmet;https://www.gourmet.cl/recetas/shoyu-ramen/;300;4 
Panqueques Salados Rellenos de Salmón y...;Gourmet;https://www.gourmet.cl/recetas/panqueques-rellenos-salmon-espinacas/;60;5
Papas Gratinadas;Gourmet;https://www.gourmet.cl/recetas/papas-gratinadas/;70;6 
Poke;Gourmet;https://www.gourmet.cl/recetas/poke/;30;4 
Polenta Rellena;Gourmet;https://www.gourmet.cl/recetas/polenta-rellena/;35;6
Crepes Rellenos con Pollo y Choclo;Gourmet;https://www.gourmet.cl/recetas/crepes-rellenos-pollo-choclo/;45;5 
Hamburguesa de Carne;Gourmet;https://www.gourmet.cl/recetas/hamburguesa-de-carne/;35;4
Arroz Chaufa;Gourmet;https://www.gourmet.cl/recetas/arroz-chaufa/;15;4
Albóndigas en Salsa de Tomate;Gourmet;https://www.gourmet.cl/recetas/albondigas-salsa-tomate/;70;4
Chacarero;Gourmet;https://www.gourmet.cl/recetas/chacarero/;15;1 
Tallarines de zapallo Italiano con Salsa...;Gourmet;https://www.gourmet.cl/recetas/tallarines-de-zapallo/;50;4 
Falafel;Gourmet;https://www.gourmet.cl/recetas/falafel/;20;6 
Salsa de Camarones;Gourmet;https://www.gourmet.cl/recetas/salsa-de-camarones/;30;4
Papas Rústicas Al Horno con Dip de Cilantro;Gourmet;https://www.gourmet.cl/recetas/papas-rusticas-al-horno-2/;;
Chapalele;Gourmet;https://www.gourmet.cl/recetas/chapalele/;50;16
Empanadas Vegetarianas;Gourmet;https://www.gourmet.cl/recetas/empanadas-vegetarianas/;40;10
Empanadas de queso;Gourmet;https://www.gourmet.cl/recetas/empanadas-de-queso/;55;24
Costillar a la parrilla;Gourmet;https://www.gourmet.cl/recetas/costillar-a-la-parrilla/;170;4 
Lomo vetado al horno;Gourmet;https://www.gourmet.cl/recetas/lomo-vetado-al-horno/;;
Crema de espinacas casera;Gourmet;https://www.gourmet.cl/recetas/crema-de-espinacas-casera/;25;6 
Carne asada al horno;Gourmet;https://www.gourmet.cl/recetas/carne-asada-al-horno/;60;
Lasaña de verduras;Gourmet;https://www.gourmet.cl/recetas/lasana-de-verduras/;75;8
Panqueques de Acelga;Gourmet;https://www.gourmet.cl/recetas/panqueques-de-acelga/;55;6 
Tortilla de Zanahoria;Gourmet;https://www.gourmet.cl/recetas/tortilla-de-zanahoria/;30;4 
Hamburguesas de garbanzos;Gourmet;https://www.gourmet.cl/recetas/hamburguesas-de-garbanzos/;15;8
Hamburguesas de Quinoa;Gourmet;https://www.gourmet.cl/recetas/hamburguesas-de-quinoa/;15;8
Escalopa Rellenas;Gourmet;https://www.gourmet.cl/recetas/escalopa-rellenas/;20;4 
Budín de Zapallito Italiano;Gourmet;https://www.gourmet.cl/recetas/budin-zapallito-italiano/;60;6 
Pollo Entero al Limón;Gourmet;https://www.gourmet.cl/recetas/pollo-al-limon-2/;95;5 
Pizza Cuatro Quesos;Gourmet;https://www.gourmet.cl/recetas/pizza-cuatro-quesos/;70;8 
Escalopas de carne;Gourmet;https://www.gourmet.cl/recetas/escalopas-de-carne/;40;14
Chupe de Camarones;Gourmet;https://www.gourmet.cl/recetas/chupe-de-camarones/;40;4 
Pastel de Carne;Gourmet;https://www.gourmet.cl/recetas/pastel-de-carne/;60;5 
Budín de Atún;Gourmet;https://www.gourmet.cl/recetas/budin-de-atun/;70;5 
Filete al Cilantro;Gourmet;https://www.gourmet.cl/recetas/filete-al-cilantro/;45;6 
Pollo Relleno con Champiñones;Gourmet;https://www.gourmet.cl/recetas/pollo-relleno-con-champinones/;50;3 
Risotto de Quínoa;Gourmet;https://www.gourmet.cl/recetas/risotto-de-quinoa/;30;5 
Pavo al Horno;Gourmet;https://www.gourmet.cl/recetas/pavo-al-horno/;60;6 
Pavo Relleno con Papas al Tomillo;Gourmet;https://www.gourmet.cl/recetas/pavo-relleno/;80;10 
Papas Duquesas;Gourmet;https://www.gourmet.cl/recetas/papas-duquesas/;20;6 
Arrollado de Huaso;Gourmet;https://www.gourmet.cl/recetas/arrollado-de-huaso/;135;6 
Porotos con mazamorra;Gourmet;https://www.gourmet.cl/recetas/porotos-con-mazamorra/;60;6 
Tortilla de porotos verdes;Gourmet;https://www.gourmet.cl/recetas/tortilla-porotos-verde/;30;6 
Pastel de papas;Gourmet;https://www.gourmet.cl/recetas/pastel-de-papas/;60;6 
Hamburguesas Caseras de Carne Molida;Gourmet;https://www.gourmet.cl/recetas/hamburguesas-caseras/;50;6 
Prietas con papas;Gourmet;https://www.gourmet.cl/recetas/prietas-con-papas/;45;4 
Canelones de Ricota y Espinaca;Gourmet;https://www.gourmet.cl/recetas/canelones-de-ricota-y-espinaca/;75;6 
Lentejas al Curry;Gourmet;https://www.gourmet.cl/recetas/sopa-lentejas-al-curry/;20;4 
Garbanzos con Quínoa y Zanahorias Asadas;Gourmet;https://www.gourmet.cl/recetas/quinoa-garbanzos-zanahorias-asadas/;35;6 
Salmón al Horno;Gourmet;https://www.gourmet.cl/recetas/salmon-las-hierbas-limon/;35;4 
Merluza al Horno;Gourmet;https://www.gourmet.cl/recetas/merluza-horneada-salsa-cremosa-pure-rustico-camote/;115;4 
Chupe de Mariscos;Gourmet;https://www.gourmet.cl/recetas/chupe-de-mariscos/;40;4 
Croquetas de Atún y Arroz;Gourmet;https://www.gourmet.cl/recetas/croquetas-atun-arroz/;;
Tortilla de Verduras;Gourmet;https://www.gourmet.cl/recetas/tortilla-de-verduras/;15;5 
Hamburguesas de Lentejas;Gourmet;https://www.gourmet.cl/recetas/hamburguesas-de-lentejas/;60;6 
Curanto en Olla o Pulmay;Gourmet;https://www.gourmet.cl/recetas/curanto-en-olla-o-pulmay/;50;8 
Pasta Carbonara;Gourmet;https://www.gourmet.cl/recetas/pasta-carbonara/;15;4
Crema de Arvejas con Tocino;Gourmet;https://www.gourmet.cl/recetas/crema-de-arvejas-y-tocino/;15;4 
Kubbhe;Gourmet;https://www.gourmet.cl/recetas/kubbhe/;100;6 
Pulpo al Olivo;Gourmet;https://www.gourmet.cl/recetas/pulpo-al-olivo/;4;6 
Palanca a la Parrilla;Gourmet;https://www.gourmet.cl/recetas/palanca-a-la-parrilla/;90;6 
Papa Gringa A la Chilena;Gourmet;https://www.gourmet.cl/recetas/papa-gringa-a-la-chilena/;55;6 
Tortilla Española;Gourmet;https://www.gourmet.cl/recetas/tortilla-espanola/;50;6 
Crema de Choritos;Gourmet;https://www.gourmet.cl/recetas/crema-de-choritos/;20;4 
Sándwich de Carne Mechada con cebolla...;Gourmet;https://www.gourmet.cl/recetas/sandwich-de-carne-mechada-con-cebolla.../;120;4 
Pollo al Mole con Arroz al Cilantro;Gourmet;https://www.gourmet.cl/recetas/pollo-al-mole-con-arroz-al-cilantro/;90;6 
Sandwich Vegetariano;Gourmet;https://www.gourmet.cl/recetas/sandwich-vegetariano/;45;2 
Hamburguesas Chilenas;Gourmet;https://www.gourmet.cl/recetas/hamburguesas-chilenas/;50;6 
Ciabatta de Jamón Serrano;Gourmet;https://www.gourmet.cl/recetas/ciabatta-de-jamon-serrano/;20;2 
Hojitas de parra y repollo rellenas;Gourmet;https://www.gourmet.cl/recetas/hojitas-de-parra-y-repollo-rellenas/;60;4 
Ratatouille;Gourmet;https://www.gourmet.cl/recetas/ratatouille/;45;6 
Medallones de Filete con Tocino, Papas Gajo y...;Gourmet;https://www.gourmet.cl/recetas/medallones-de-filete-con-tocino,-papas-gajo-y.../;60;4 
Guiso Zapallo Italiano;Gourmet;https://www.gourmet.cl/recetas/guiso-zapallo-italiano/;20;4 
Cazuela de Albóndigas;Gourmet;https://www.gourmet.cl/recetas/cazuela-de-albondigas/;50;6 
Sushi Nikkei con Salsa Cebiche;Gourmet;https://www.gourmet.cl/recetas/sushi-nikkei-con-salsa-cebiche/;50;3 
Arepas Reina Pepiada;Gourmet;https://www.gourmet.cl/recetas/arepas-reina-pepiada/;60;4 
Asado de Tira a la Cerveza con Puré Rústico;Gourmet;https://www.gourmet.cl/recetas/asado-de-tira-a-la-cerveza-con-pure-rustico/;180;6 
Chorrillana;Gourmet;https://www.gourmet.cl/recetas/chorrillana/;60;6 
Parrilla de Verduras Asadas;Gourmet;https://www.gourmet.cl/recetas/parrilla-de-verduras-asadas/;60;6 
Quinotto de Camarones;Gourmet;https://www.gourmet.cl/recetas/quinotto-de-camarones/;30;5 
Tarta de zapallo y cebolla caramelizada;Gourmet;https://www.gourmet.cl/recetas/tarta-de-zapallo-y-cebolla-caramelizada/;65;8 
Puré rústico y pollo con champiñones;Gourmet;https://www.gourmet.cl/recetas/pollo-relleno-con-champinones-sobre-pure-rustico/;50;3 
Carne Mongoliana Gourmet;Gourmet;https://www.gourmet.cl/recetas/carne-mongoliana-gourmet/;;
Pollo al Limón;Gourmet;https://www.gourmet.cl/recetas/pollo-al-limon/;95;5 
Pescado con Costra de Quínoa;Gourmet;https://www.gourmet.cl/recetas/pescado-con-costra-de-quinoa/;30;4 
Ñoquis de Papa y Ricota con Salsa de Salmón...;Gourmet;https://www.gourmet.cl/recetas/noquis-de-papa-y-ricota-con-salsa-de-salmon.../;55;4 
Pollo estilo Celebración;Gourmet;https://www.gourmet.cl/recetas/pollo-estilo-celebracion/;70;8 
Arroz con Crema de Choclo;Gourmet;https://www.gourmet.cl/recetas/arroz-con-crema-de-choclo/;25;6 
Arroz al Cilantro;Gourmet;https://www.gourmet.cl/recetas/arroz-al-cilantro/;25;6 
Tomaticán;Gourmet;https://www.gourmet.cl/recetas/tomatican/;25;4 
Arroz al Sésamo;Gourmet;https://www.gourmet.cl/recetas/arroz-al-sesamo/;22;6 
Guiso de Pollo con Cebolla;Gourmet;https://www.gourmet.cl/recetas/guiso-de-pollo-con-cebolla/;35;6 
Pollo Escabechado;Gourmet;https://www.gourmet.cl/recetas/pollo-escabechado/;60;4 
Porotos con Riendas;Gourmet;https://www.gourmet.cl/recetas/porotos-con-riendas/;120;6 
Budín de Zapallo Italiano;Gourmet;https://www.gourmet.cl/recetas/budin-de-zapallitos-italianos/;60;5 
Carne a la Cerveza;Gourmet;https://www.gourmet.cl/recetas/carne-a-la-cerveza/;120;6 
Niños Envueltos;Gourmet;https://www.gourmet.cl/recetas/ninos-envueltos/;55;6 
Zapallitos Italianos Rellenos con Pesto de...;Gourmet;https://www.gourmet.cl/recetas/zapallitos-italianos-rellenos-con-pesto-de.../;50;6 
Pollo Tandoori;Gourmet;https://www.gourmet.cl/recetas/pollo-tandoori/;55;8 
Tacu Tacu de Camarones;Gourmet;https://www.gourmet.cl/recetas/tacu-tacu-de-camarones/;25;4 
Pavo con Salsa de Arándanos y Papas Duquesas;Gourmet;https://www.gourmet.cl/recetas/pavo-con-salsa-de-arandanos-y-papas-duquesas/;60;6 
Malaya Rellena;Gourmet;https://www.gourmet.cl/recetas/malaya-rellena/;110;6 
Pollo con salsa de Champiñones y Chalotas;Gourmet;https://www.gourmet.cl/recetas/pollo-con-salsa-de-champinones-y-chalotas/;30;4 
Papas Asadas a las Finas Hierbas;Gourmet;https://www.gourmet.cl/recetas/papas-asadas-con-hierbas-y-chalotas/;40;4 
Salsa de Tomates Casera;Gourmet;https://www.gourmet.cl/recetas/salsa-de-tomates-casera/;25;2
Pasta con Zapallitos Italianos, Albahaca y...;Gourmet;https://www.gourmet.cl/recetas/pasta-con-zapallitos-italianos,-albahaca-y.../;15;4 
Macarrones con Queso;Gourmet;https://www.gourmet.cl/recetas/macarrones-con-queso/;45;6
Estofado de Osobuco;Gourmet;https://www.gourmet.cl/recetas/estofado-de-osobuco/;60;6
Lasaña en Masa Filo de Pollo y Champiñones;Gourmet;https://www.gourmet.cl/recetas/lasana-en-masa-filo-de-pollo-y-champinones/;40;2 
Wrap de Ensalada Griega;Gourmet;https://www.gourmet.cl/recetas/wrap-de-ensalada-griega/;40;8
Reineta en Salsa Atomatada;Gourmet;https://www.gourmet.cl/recetas/reineta-en-salsa-atomatada/;30;6
Carne con Salsa de Mostaza;Gourmet;https://www.gourmet.cl/recetas/carne-con-salsa-de-mostaza/;40;6
Tallarines Salteados con Ragú de Callampas y...;Gourmet;https://www.gourmet.cl/recetas/tallarines-salteados-con-ragu-de-callampas-y.../;45;4 
Pie de Carne y Papas;Gourmet;https://www.gourmet.cl/recetas/pie-de-carne-y-papas/;120;6
Burritos de Carne;Gourmet;https://www.gourmet.cl/recetas/burritos-de-carne/;15;6
Ropa Vieja;Gourmet;https://www.gourmet.cl/recetas/ropa-vieja/;120;6
Feijoada;Gourmet;https://www.gourmet.cl/recetas/feijoada/;180;8
Empanadas Salteñas;Gourmet;https://www.gourmet.cl/recetas/empanadas-saltenas/;60;20
Pechuga de Pavo Rellena de Arándanos y Almendras;Gourmet;https://www.gourmet.cl/recetas/pechuga-de-pavo-rellena-de-arandanos-y-almendras/;60;8 
Pastel de Choclo Vegetariano;Gourmet;https://www.gourmet.cl/recetas/pastel-de-choclo-vegetariano/;50;6
Carne Mechada;Gourmet;https://www.gourmet.cl/recetas/carne-mechada/;120;10 
Pollo al Vino Blanco;Gourmet;https://www.gourmet.cl/recetas/pollo-al-vino-blanco/;75;6
Pollo a las Finas Hierbas;Gourmet;https://www.gourmet.cl/recetas/pollo-finas-hierbas/;100;5
Carne Asada;Gourmet;https://www.gourmet.cl/recetas/carne-asada/;60;
Brochetas de Cerdo Adobado;Gourmet;https://www.gourmet.cl/recetas/brochetas-de-cerdo-adobado/;30;4
Carne Mongoliana;Gourmet;https://www.gourmet.cl/recetas/carne-mongoliana/;30;5
Charquicán;Gourmet;https://www.gourmet.cl/recetas/charquican/;60;10
Asado Alemán;Gourmet;https://www.gourmet.cl/recetas/asado-aleman/;90;10 
Zapallitos Italianos Rellenos;Gourmet;https://www.gourmet.cl/recetas/zapallitos-italianos-rellenos/;60;10 
Filete con Costra de Queso Azul y Hierbas;Gourmet;https://www.gourmet.cl/recetas/filete-con-costra-de-queso-azul-y-hierbas/;35;
Ragout de Ave;Gourmet;https://www.gourmet.cl/recetas/ragout-de-ave/;60;10 
Arroz Primavera;Gourmet;https://www.gourmet.cl/recetas/arroz-primavera/;30;10 
Arroz Arabe;Gourmet;https://www.gourmet.cl/recetas/arroz-arabe/;30;10 
Lentejas;Gourmet;https://www.gourmet.cl/recetas/lentejas/;60;5 
Goulash;Gourmet;https://www.gourmet.cl/recetas/goulash/;90;10 
Estofado de Carne;Gourmet;https://www.gourmet.cl/recetas/estofado-de-carne/;60;10 
Caldillo de Mariscos;Gourmet;https://www.gourmet.cl/recetas/caldillo-de-mariscos/;60;4 
Ají de Gallina;Gourmet;https://www.gourmet.cl/recetas/aji-de-gallina/;120;10 
Pad Thai de Pollo;Gourmet;https://www.gourmet.cl/recetas/pad-thai-de-pollo/;90;4 
Chupe de Locos;Gourmet;https://www.gourmet.cl/recetas/chupe-de-locos/;120;8 
Lasaña de Pollo;Gourmet;https://www.gourmet.cl/recetas/lasana-de-pollo/;;
Pescado con Salsa de Mariscos;Gourmet;https://www.gourmet.cl/recetas/pescado-con-salsa-de-mariscos/;;
Canelones de Zapallo;Gourmet;https://www.gourmet.cl/recetas/canelones-de-zapallo/;70;6
Pastel de Salmón, Camarones y Papas;Gourmet;https://www.gourmet.cl/recetas/pastel-de-salmon,-camarones-y-papas/;55;6 
Pollo a la Mostaza Dijon;Gourmet;https://www.gourmet.cl/recetas/pollo-a-la-mostaza-dijon/;60;8 
Pie de Pollo;Gourmet;https://www.gourmet.cl/recetas/pie-de-pollo/;50;4
Risotto con Camarones, Espárragos, Chalotas y...;Gourmet;https://www.gourmet.cl/recetas/risotto-con-camarones,-esparragos,-chalotas-y.../;120;4 
Estofado de Carne, Vino Tinto y Champiñones;Gourmet;https://www.gourmet.cl/recetas/estofado-de-carne,-vino-tinto-y-champinones/;180;8 
Fritatta de Cebolla, Pimentones y Queso de Cabra;Gourmet;https://www.gourmet.cl/recetas/fritatta-de-cebolla,-pimentones-y-queso-de-cabra/;30;4 
Guiso de Verduras;Gourmet;https://www.gourmet.cl/recetas/guiso-de-verduras/;40;4 
Wok de Verduras Salteadas;Gourmet;https://www.gourmet.cl/recetas/wok-de-verduras-salteadas/;40;4 
Sopa de Porotos Negros;Gourmet;https://www.gourmet.cl/recetas/sopa-de-porotos-negros/;240;6 
Bisque de Camarones;Gourmet;https://www.gourmet.cl/recetas/bisque-de-camarones/;60;4 
Carbonada;Gourmet;https://www.gourmet.cl/recetas/carbonada/;40;4 
Pulpa de Cerdo con Ciruelas;Gourmet;https://www.gourmet.cl/recetas/pulpa-de-cerdo-con-ciruelas/;120;10 
Couscous con Zanahorias y Cilantro;Gourmet;https://www.gourmet.cl/recetas/couscous-con-zanahorias-y-cilantro/;30;4 
Rollo de Pollo y Nueces;Gourmet;https://www.gourmet.cl/recetas/rollo-de-pollo-y-nueces/;60;6 
Pastelera de Choclo;Gourmet;https://www.gourmet.cl/recetas/pastelera-de-choclo/;45;6;8 
Ñoquis de Albahaca;Gourmet;https://www.gourmet.cl/recetas/noquis-de-albahaca/;50;4 
Pato Glaseado;Gourmet;https://www.gourmet.cl/recetas/pato-glaseado/;120;4 
Pulpa de Cerdo al Horno con Cerveza y Clavo de...;Gourmet;https://www.gourmet.cl/recetas/pulpa-de-cerdo-al-horno-con-cerveza-y-clavo-de.../;420;5 
Polenta Cremosa a la Vainilla;Gourmet;https://www.gourmet.cl/recetas/polenta-cremosa-a-la-vainilla/;60;4 
Chapsui de Pollo con Arroz Frito;Gourmet;https://www.gourmet.cl/recetas/chapsui-de-pollo-con-arroz-frito/;40;4 
Carne al Jugo;Gourmet;https://www.gourmet.cl/recetas/carne-al-jugo/;180;4 
Plateada al Jugo Crocante con Puré;Gourmet;https://www.gourmet.cl/recetas/plateada-al-jugo-crocante-con-pure/;180;5 
Pollo Asado al Estragón;Gourmet;https://www.gourmet.cl/recetas/pollo-asado-al-estragon/;50;6 
Pollo Picante al Limón;Gourmet;https://www.gourmet.cl/recetas/pollo-picante-al-limon/;120;4 
Anticuchos de Sobrecostilla;Gourmet;https://www.gourmet.cl/recetas/anticuchos-de-sobrecostilla/;120;4 
Chutney de Pepino;Gourmet;https://www.gourmet.cl/recetas/chutney-de-pepino/;30;4 
Scone Pizza con Queso y Tocino;Gourmet;https://www.gourmet.cl/recetas/scone-pizza-con-queso-y-tocino/;50;4 
Pollo con Salsa de Clavo de Olor;Gourmet;https://www.gourmet.cl/recetas/pollo-con-salsa-de-clavo-de-olor/;180;4 
Costillar de Cerdo;Gourmet;https://www.gourmet.cl/recetas/costillar-de-cerdo/;50;6 
Camarones en Salsa de Anís;Gourmet;https://www.gourmet.cl/recetas/camarones-en-salsa-de-anis/;30;4 
Costillas de Cerdo al Anís;Gourmet;https://www.gourmet.cl/recetas/costillar-de-cerdo-al-anis/;90;4 
Saltimbocca con Risotto de Queso;Gourmet;https://www.gourmet.cl/recetas/saltimbocca-con-risotto-de-queso/;30;4 
Pollo Salteado a la Salvia con Puré de Zanahoria;Gourmet;https://www.gourmet.cl/recetas/pollo-salteado-a-la-salvia-con-pure-de-zanahoria/;40;4 
Filete Relleno de Queso Mozzarella y Jamón...;Gourmet;https://www.gourmet.cl/recetas/filete-relleno-de-queso-mozzarella-y-jamon.../;40;4 
Tataki de Res en Costra de Hierbas;Gourmet;https://www.gourmet.cl/recetas/tataki-de-res-en-costra-de-hierbas/;90;4 
Albóndigas de Carne con Salsa de Mostaza;Gourmet;https://www.gourmet.cl/recetas/albondigas-de-carne-con-salsa-de-mostaza/;40;4 
Pollo Asado al Limón;Gourmet;https://www.gourmet.cl/recetas/trutros-de-pollo-asado-al-limon/;25;4 
Suprema de Pollo Rellena con Queso Crema y...;Gourmet;https://www.gourmet.cl/recetas/suprema-de-pollo-rellena-con-queso-crema-y.../;60;4 
Hamburguesa de Pavo;Gourmet;https://www.gourmet.cl/recetas/hamburguesa-de-pavo/;30;4 
Chapsui de Pollo con Castañas de Cajú;Gourmet;https://www.gourmet.cl/recetas/chapsui-de-pollo-con-castanas-de-caju/;40;4 
Lomo Vetado a la Pimienta con Trilogía de...;Gourmet;https://www.gourmet.cl/recetas/lomo-vetado-a-la-pimienta-con-trilogia-de.../;50;4 
Chupe de Ostiones;Gourmet;https://www.gourmet.cl/recetas/chupe-de-ostiones/;40;4 
Congrio en Papillote;Gourmet;https://www.gourmet.cl/recetas/congrio-en-papillote/;60;4 
Salmon Pochado con Reducción Cítrica;Gourmet;https://www.gourmet.cl/recetas/salmon-pochado-con-reduccion-citrica/;60;4 
Corvina con Costra de Hierbas y Mouselina de...;Gourmet;https://www.gourmet.cl/recetas/corvina-con-costra-de-hierbas-y-mouselina-de.../;30;4 
Arroz Basmati Aromatizado con Clavo de Olor;Gourmet;https://www.gourmet.cl/recetas/arroz-basmati-aromatizado-con-clavo-de-olor/;30;4 
Trutros Cortos de Pollo Asados con Arroz...;Gourmet;https://www.gourmet.cl/recetas/trutros-cortos-de-pollo-asados-con-arroz.../;60;4 
Ravioles Rellenos con Zapallo y Nueces en Salsa...;Gourmet;https://www.gourmet.cl/recetas/ravioles-rellenos-con-zapallo-y-nueces-en-salsa.../;60;4 
Lomo Saltado Peruano Picante;Gourmet;https://www.gourmet.cl/recetas/lomo-saltado-picante/;50;4 
Pollo Grillado con Verduras Asadas;Gourmet;https://www.gourmet.cl/recetas/pollo-grillado-con-verduras-asadas/;60;4 
Filete Grillado con Papas Asadas;Gourmet;https://www.gourmet.cl/recetas/filete-grillado-con-papas-asadas/;60;4 
Chuletas de Cerdo Ahumadas con Puré al Merquén;Gourmet;https://www.gourmet.cl/recetas/chuletas-de-cerdo-ahumadas-con-pure-al-merquen/;120;4 
Papas Salteadas con Ajo y Romero;Gourmet;https://www.gourmet.cl/recetas/papas-salteadas-con-ajo-y-romero/;50;5 
Fetuccini con Salsa de Azafrán y Ostiones;Gourmet;https://www.gourmet.cl/recetas/fetuccini-con-salsa-de-azafran-y-ostiones/;40;4 
Caldillo de Congrio al Azafrán;Gourmet;https://www.gourmet.cl/recetas/caldillo-de-congrio-al-azafran/;90;4 
Paella de Mariscos;Gourmet;https://www.gourmet.cl/recetas/paella-de-mariscos/;60;6 
Filete en Salsa a las 3 Pimientas con Gratín de...;Gourmet;https://www.gourmet.cl/recetas/filete-en-salsa-a-las-3-pimientas-con-gratin-de.../;60;4 
Brochetas de Pollo al Curry con Coco;Gourmet;https://www.gourmet.cl/recetas/brochetas-de-pollo-al-curry-con-coco/;120;4 
Arroz al Curry con Frutos Secos y Cilantro;Gourmet;https://www.gourmet.cl/recetas/arroz-al-curry-con-frutos-secos-y-cilantro/;40;4 
Curry de Cordero con Arroz Basmati;Gourmet;https://www.gourmet.cl/recetas/curry-de-cordero-con-arroz-basmati/;60;4 
Curry de Pollo con Pan Indio;Gourmet;https://www.gourmet.cl/recetas/curry-de-pollo-con-nan-pan-indio/;50;4 
Curry de Verduras;Gourmet;https://www.gourmet.cl/recetas/curry-de-verduras/;50;4 
Crema de Lentejas al Curry;Gourmet;https://www.gourmet.cl/recetas/crema-de-lentejas-al-curry/;45;4 
Curry de Camarones con Arroz Basmati;Gourmet;https://www.gourmet.cl/recetas/curry-de-camarones-con-arroz-basmati/;50;4 
Puré de Zapallo Camote al Cardamomo;Gourmet;https://www.gourmet.cl/recetas/pure-de-zapallo-camote-al-cardamomo/;30;4 
Wrap de Pollo al Cardamomo;Gourmet;https://www.gourmet.cl/recetas/wrap-de-pollo-al-cardamomo/;60;5 
Crema de Zapallo Italiano al Cardamomo con...;Gourmet;https://www.gourmet.cl/recetas/crema-de-zapallo-italiano-al-cardamomo-con.../;30;4 
Costillar de Cerdo Picante;Gourmet;https://www.gourmet.cl/recetas/costillar-de-cerdo-picante/;50;4 
Calzone Italiano;Gourmet;https://www.gourmet.cl/recetas/calzone-italiano/;60;4 
Arroz Aromatizado con Estrella de Anís;Gourmet;https://www.gourmet.cl/recetas/arroz-aromatizado-con-estrella-de-anis/;30;4 
Pollo Laqueado con Arroz Frito;Gourmet;https://www.gourmet.cl/recetas/pollo-laqueado-con-arroz-frito/;240;4 
Salmón con Costra de Sésamo y Salsa Teriyaki;Gourmet;https://www.gourmet.cl/recetas/salmon-con-costra-de-sesamo-y-salsa-teriyaki/;35;6 
Tortilla de Cebolla;Gourmet;https://www.gourmet.cl/recetas/tortilla-de-cebolla/;45;6 
Pasta con Frutos del Mar y Merquén;Gourmet;https://www.gourmet.cl/recetas/pasta-con-frutos-del-mar-y-merquen/;40;4 
Salsa Blanca;Gourmet;https://www.gourmet.cl/recetas/salsa-blanca/;;
Pollo Arvejado;Gourmet;https://www.gourmet.cl/recetas/pollo-arvejado/;50;6 
Pizza de Tomates Frescos y Aceitunas en Masa...;Gourmet;https://www.gourmet.cl/recetas/pizza-de-tomates-frescos-y-aceitunas-en-masa.../;70;2
Pizza al Estilo Chicago con Espinacas y...;Gourmet;https://www.gourmet.cl/recetas/pizza-al-estilo-chicago-con-espinacas-y.../;110;8
Pavo Marinado con Hierbas y Almendras con...;Gourmet;https://www.gourmet.cl/recetas/pavo-marinado-con-hierbas-y-almendras-con.../;180;10 
Humitas;Gourmet;https://www.gourmet.cl/recetas/humitas/;25;6
Terrina de Verduras Asadas;Gourmet;https://www.gourmet.cl/recetas/terrina-de-vegetales-asados/;60;8 
Risotto de Champiñones;Gourmet;https://www.gourmet.cl/recetas/risotto-de-champinones/;50;6 
Ostiones a la Parmesana;Gourmet;https://www.gourmet.cl/recetas/ostiones-a-la-parmesana/;30;6 
Fritos de Pollo al Sésamo;Gourmet;https://www.gourmet.cl/recetas/fritos-de-pollo-al-sesamo/;;4 
Pollo al Estragón;Gourmet;https://www.gourmet.cl/recetas/pollo-al-estragon/;;4 
Ñoquis de Papa con Salsa Tres Quesos;Gourmet;https://www.gourmet.cl/recetas/noquis-de-papa-con-salsa-tres-quesos/;60;4 
Pollo a la Parrilla con Ensalada a la Chilena;Gourmet;https://www.gourmet.cl/recetas/pollo-a-la-parrilla-con-ensalada-a-la-chilena/;120;8 
Reineta Grillada con Salsa Verde y Puré al...;Gourmet;https://www.gourmet.cl/recetas/reineta-grillada-con-salsa-verde-y-pure-al.../;60;6 
Ajiaco;Gourmet;https://www.gourmet.cl/recetas/ajiaco/;45;4 
Solomillo de Cerdo a la Pimienta;Gourmet;https://www.gourmet.cl/recetas/solomillo-de-cerdo-a-la-pimienta/;;4
Pollo al Romero;Gourmet;https://www.gourmet.cl/recetas/pechugas-de-pollo-al-romero/;;4 
Arroz con Salsa de Pollo al Curry;Gourmet;https://www.gourmet.cl/recetas/arroz-con-salsa-de-pollo-al-curry/;;4 
Receta Pescado Frito;Gourmet;https://www.gourmet.cl/recetas/pescado-frito-a-la-chilena/;;
Pollo o Pescado Apanado Gourmet;Gourmet;https://www.gourmet.cl/recetas/pollo-o-pescado-apanado-gourmet/;;
Tortilla Gourmet;Gourmet;https://www.gourmet.cl/recetas/tortilla-gourmet/;;
Escalopas Apanadas Gourmet;Gourmet;https://www.gourmet.cl/recetas/escalopas-apanadas-gourmet/;30;6
Pollo Crispy Gourmet;Gourmet;https://www.gourmet.cl/recetas/pollo-crispy-gourmet/;;
Quiche de Cebolla y Ricotta;Gourmet;https://www.gourmet.cl/recetas/quiche-de-cebolla-y-ricotta/;65;6 
Guiso Crocante de Alcachofas y Pollo;Gourmet;https://www.gourmet.cl/recetas/guiso-crocante-de-alcachofas-y-pollo/;40;8 
Pavo a las Finas Hierbas;Gourmet;https://www.gourmet.cl/recetas/pavo-a-las-finas-hierbas/;80;10 
Papas Gratinadas Gourmet;Gourmet;https://www.gourmet.cl/recetas/papas-gratinadas-gourmet/;;
Chapsui Gourmet;Gourmet;https://www.gourmet.cl/recetas/chapsui-gourmet/;;
Asado Alemán Gourmet;Gourmet;https://www.gourmet.cl/recetas/asado-aleman-gourmet/;90;10 
Carne a la Cacerola Gourmet;Gourmet;https://www.gourmet.cl/recetas/carne-a-la-cacerola-gourmet/;;
Tortilla de Papas;Gourmet;https://www.gourmet.cl/recetas/tortilla-de-papas/;20;4 
Wok de Cerdo al Jengibre y Curry;Gourmet;https://www.gourmet.cl/recetas/wok-de-cerdo-al-jengibre-y-curry/;;
Wrap de Atún;Gourmet;https://www.gourmet.cl/recetas/wrap-de-atun/;20;1;
Wrap de Pollo;Gourmet;https://www.gourmet.cl/recetas/wrap-de-pollo/;;
Sushi;Gourmet;https://www.gourmet.cl/recetas/sushi/;90;4 
Tilapia con Salsa Merlot y Merquén;Gourmet;https://www.gourmet.cl/recetas/tilapia-con-salsa-merlot-y-merquen/;;
Salmón a la Finas Hierbas;Gourmet;https://www.gourmet.cl/recetas/salmon-a-la-finas-hierbas/;;
Saltimbocca de Pavo;Gourmet;https://www.gourmet.cl/recetas/saltimbocca-de-pavo/;;
Porotos Granados;Gourmet;https://www.gourmet.cl/recetas/porotos-granados/;70;6 
Cerdo Picante a la Parrilla;Gourmet;https://www.gourmet.cl/recetas/cerdo-picante-a-la-parrilla/;30;4 
Quiche de Atún;Gourmet;https://www.gourmet.cl/recetas/quiche-de-atun/;;
Reineta con Salsa de Alcaparras;Gourmet;https://www.gourmet.cl/recetas/reineta-con-salsa-de-alcaparras/;;
Risotto de Pollo y Verduras;Gourmet;https://www.gourmet.cl/recetas/risotto-de-pollo-y-verduras/;40;6 
Rollitos Orientales;Gourmet;https://www.gourmet.cl/recetas/rollitos-orientales/;;
Pimientos Rellenos;Gourmet;https://www.gourmet.cl/recetas/pimentones-rellenos/;50;6
Plateada a la Cacerola;Gourmet;https://www.gourmet.cl/recetas/plateada-a-la-cacerola/;960;8 
Pollo al Coñac;Gourmet;https://www.gourmet.cl/recetas/pollo-al-conac/;55;6 
Pollo Crispy con Papas Barbecue;Gourmet;https://www.gourmet.cl/recetas/pollo-crispy-con-papas-barbecue/;;
Pollo con Mostaza a la Antigua y Arroz Rojo;Gourmet;https://www.gourmet.cl/recetas/pollo-con-mostaza-a-la-antigua-y-arroz-rojo/;60;6 
Pollo Oriental con Arroz Basmati;Gourmet;https://www.gourmet.cl/recetas/pollo-oriental-con-arroz-basmati/;30;6 
Pollo al Champiñón;Gourmet;https://www.gourmet.cl/recetas/pollo-al-champinon/;25;4 
Panqueques de Pollo con Salsa de Queso;Gourmet;https://www.gourmet.cl/recetas/panqueques-de-pollo-con-salsa-de-queso/;120;4
Papas Rellenas;Gourmet;https://www.gourmet.cl/recetas/papas-rellenas/;45;6
Pastel de Choclos;Gourmet;https://www.gourmet.cl/recetas/pastel-de-choclos/;50;8 
Pastel de Jaiba;Gourmet;https://www.gourmet.cl/recetas/pastel-de-jaiba/;50;6
Paila Marina;Gourmet;https://www.gourmet.cl/recetas/paila-marina/;3;4 
Hamburguesas de Carne de Soya;Gourmet;https://www.gourmet.cl/recetas/hamburguesas-de-carne-vegetal-de-soya/;40;6
Lasaña Boloñesa;Gourmet;https://www.gourmet.cl/recetas/lasana-bolonesa/;120;8 
Lasaña de Berenjenas;Gourmet;https://www.gourmet.cl/recetas/lasana-de-berenjenas/;30;6 
Lomo con Salsa al Vino;Gourmet;https://www.gourmet.cl/recetas/lomo-con-salsa-al-vino/;65;6 
Machas a la Parmesana;Gourmet;https://www.gourmet.cl/recetas/machas-a-la-parmesana/;15;4;6 
Fettuccini al Pesto;Gourmet;https://www.gourmet.cl/recetas/fettuccini-al-pesto/;30;4 
Filete en Salsa de Champiñones y Papas al Romero;Gourmet;https://www.gourmet.cl/recetas/filete-en-salsa-de-champinones-y-papas-al-romero/;30;4 
Filete Mignon y Tulipas Rellenas;Gourmet;https://www.gourmet.cl/recetas/filete-mignon-y-tulipas-rellenas/;;
Filete en Salsa a la Pimienta;Gourmet;https://www.gourmet.cl/recetas/filete-en-salsa-a-la-pimienta/;15;4 
Filetes de Pavo Apanados al Sésamo;Gourmet;https://www.gourmet.cl/recetas/filetes-de-pavo-apanados-al-sesamo/;30;4 
Escalopas de Carne Rellenas;Gourmet;https://www.gourmet.cl/recetas/escalopas-de-carne-rellenas/;50;6 
Fetuccini con Salsa Alfredo;Gourmet;https://www.gourmet.cl/recetas/fetuccini-en-salsa-alfredo/;15;4 
Crispy Rolls;Gourmet;https://www.gourmet.cl/recetas/crispy-rolls/;;46
Empanadas de Mariscos;Gourmet;https://www.gourmet.cl/recetas/empanada-de-mariscos/;30;4
Empanadas Fritas de Pino;Gourmet;https://www.gourmet.cl/recetas/empanadas-fritas-de-pino/;60;8
Empanadas de Pino;Gourmet;https://www.gourmet.cl/recetas/empanadas-de-pino/;90;12
Costillar Ahumado;Gourmet;https://www.gourmet.cl/recetas/costillar-ahumado/;;
Costillas de Cerdo con Salsa Barbecue;Gourmet;https://www.gourmet.cl/recetas/costillas-de-cerdo-con-salsa-barbecue/;150;4 
Cazuela de Ave;Gourmet;https://www.gourmet.cl/recetas/cazuela-de-ave/;40;6 
Cerdo al Merquén;Gourmet;https://www.gourmet.cl/recetas/cerdo-al-merquen/;60;6 
Chapsui de Pollo;Gourmet;https://www.gourmet.cl/recetas/chapsui-de-pollo/;;
Chuletas en Salsa Barbecue;Gourmet;https://www.gourmet.cl/recetas/chuletas-en-salsa-barbecue/;35;6 
Chupe de Jibia;Gourmet;https://www.gourmet.cl/recetas/chupe-de-jibia/;;
Cancato Citadino;Gourmet;https://www.gourmet.cl/recetas/cancato-citadino/;;
Carne Rellena;Gourmet;https://www.gourmet.cl/recetas/carne-rellena/;60;8 
Paella Gourmet;Gourmet;https://www.gourmet.cl/recetas/paella-gourmet/;90;8;10 
Torta Pascualina;Gourmet;https://www.gourmet.cl/recetas/torta-pascualina/;;
Spaguetti con Albahaca y Queso;Gourmet;https://www.gourmet.cl/recetas/spaguetti-con-albahaca-y-queso/;;
Albóndigas de Carne de Soya;Gourmet;https://www.gourmet.cl/recetas/albondigas-de-carne-de-soya/;60;15 
Asado al Horno;Gourmet;https://www.gourmet.cl/recetas/asado-al-horno/;;4 
Anticuchos Gourmet;Gourmet;https://www.gourmet.cl/recetas/anticuchos-gourmet/;30;8
Cazuela de Vacuno;Gourmet;https://www.gourmet.cl/recetas/cazuela-de-vacuno/;60;6 
Crumble de Salmón;Gourmet;https://www.gourmet.cl/recetas/crumble-de-salmon/;50;4
Huevos de Pascua de Chocolate;Gourmet;https://www.gourmet.cl/recetas/huevitos-arroz-inflado-chocolate/;20;15
Galletas de Chocolate con Chips de Chocolate...;Gourmet;https://www.gourmet.cl/recetas/galletas-chocolate-chips-chocolate/;30;
Waffles con Chips de Chocolate y Salsa Fudge;Gourmet;https://www.gourmet.cl/recetas/waffles-con-chips-de-chocolate-y-salsa-fudge/;15;4
Granola;Gourmet;https://www.gourmet.cl/recetas/granola/;25;
Leche Asada Vegana;Gourmet;https://www.gourmet.cl/recetas/leche-asada-vegana/;;4
Queque de Manzana;Gourmet;https://www.gourmet.cl/recetas/queque-de-manzana/;80;10
Galletas Navideñas;Gourmet;https://www.gourmet.cl/recetas/galletas-navidenas/;40;20
Queque de Chocolate;Gourmet;https://www.gourmet.cl/recetas/queque-de-chocolate/;80;8
Budín de Pan;Gourmet;https://www.gourmet.cl/recetas/budin-de-pan/;90;10 
Rollos de Canela;Gourmet;https://www.gourmet.cl/recetas/rollos-de-canela/;150;12
Cupcakes de Pie de Limón Decorados;Gourmet;https://www.gourmet.cl/recetas/cupcakes-pie-limon-decorados/;90;12
Cakepops de Nuez;Gourmet;https://www.gourmet.cl/recetas/cakepops-de-nuez/;60;30
Queque de Naranja;Gourmet;https://www.gourmet.cl/recetas/queque-de-naranja/;80;12 
Galletas de Maicena;Gourmet;https://www.gourmet.cl/recetas/galletas-de-maicena/;60;24
Torta de Trufa;Gourmet;https://www.gourmet.cl/recetas/torta-de-trufa/;90;12 
Torta de Chocolate Decorada;Gourmet;https://www.gourmet.cl/recetas/torta-glam-2/;60;15 
Trufas Decoradas;Gourmet;https://www.gourmet.cl/recetas/trufas-glam/;40;20
Cakepops de Almendras Decorados;Gourmet;https://www.gourmet.cl/recetas/glam-cakepops/;40;30
Cupcakes Rellenos con Ganache;Gourmet;https://www.gourmet.cl/recetas/party-cupcakes/;40;12
Galletas de Almendras y Limón bañadas en...;Gourmet;https://www.gourmet.cl/recetas/galletas-almendras-limon-banadas-chocolate/;50;18
Shots de Chocolate Blanco con Maracuyá;Gourmet;https://www.gourmet.cl/recetas/shots-chocolate-blanco-maracuya/;30;12
Alfajores de Maicena;Gourmet;https://www.gourmet.cl/recetas/alfajores-de-maicena/;70;25
Buñuelos de Manzana;Gourmet;https://www.gourmet.cl/recetas/bunuelos-de-manzana/;80;6 
Torta de Galletas;Gourmet;https://www.gourmet.cl/recetas/torta-de-galletas/;30;10 
Leche Asada con Caramelo;Gourmet;https://www.gourmet.cl/recetas/leche-asada-caramelo/;60;6 
Muffins con Chispas de Chocolate;Gourmet;https://www.gourmet.cl/recetas/muffins-chips-chocolate/;50;12
Mousse de Tres Chocolates;Gourmet;https://www.gourmet.cl/recetas/mousse-de-tres-chocolates/;220;4 
Cheesecake de Chocolate Blanco;Gourmet;https://www.gourmet.cl/recetas/cheesecake-de-chocolate-blanco/;35;6 
Torta de Bizcocho Chocolate y Manjar;Gourmet;https://www.gourmet.cl/recetas/torta-bizcocho-chocolate-manjar/;;
Galletas con chips de chocolate;Gourmet;https://www.gourmet.cl/recetas/galletas-chips-chocolate/;;25
Creme Brulee de Chocolate;Gourmet;https://www.gourmet.cl/recetas/creme-brulee-chocolate/;60;4 
Helado de chocolate;Gourmet;https://www.gourmet.cl/recetas/helado-de-chocolate/;10;10
Helados de frutas;Gourmet;https://www.gourmet.cl/recetas/helados-de-frutas/;20;6 
Helado de yogurt;Gourmet;https://www.gourmet.cl/recetas/helado-de-yogurt/;15;8 
Tartaleta de frutas;Gourmet;https://www.gourmet.cl/recetas/tartaleta-de-frutas/;45;2
Flan de Coco;Gourmet;https://www.gourmet.cl/recetas/flan-de-coco/;70;8 
Torta o Pastel de Chocolate;Gourmet;https://www.gourmet.cl/recetas/torta-de-chocolate/;60;15 
Mousse de Maracuyá;Gourmet;https://www.gourmet.cl/recetas/mousse-de-maracuya/;20;10
Babarua;Gourmet;https://www.gourmet.cl/recetas/babarua/;40;12 
Torta de Panqueque de Naranja;Gourmet;https://www.gourmet.cl/recetas/torta-panqueque-naranja/;90;30 
Galletas de Jengibre;Gourmet;https://www.gourmet.cl/recetas/galletas-de-jengibre/;180;36
Postre para Halloween;Gourmet;https://www.gourmet.cl/recetas/postre-para-halloween/;90;8
Mote con Huesillo;Gourmet;https://www.gourmet.cl/recetas/mote-con-huesillo/;60;6 
Manzanas Confitadas;Gourmet;https://www.gourmet.cl/recetas/manzana-confitadas/;20;4
Chilenitos;Gourmet;https://www.gourmet.cl/recetas/chilenitos/;60;12
Queque de Plátano;Gourmet;https://www.gourmet.cl/recetas/queque-de-platano/;60;8 
Kuchen de Manzanas;Gourmet;https://www.gourmet.cl/recetas/kuchen-de-manzanas/;50;8 
Panqueques de Avena;Gourmet;https://www.gourmet.cl/recetas/panqueques-de-avena/;30;12
Roscas;Gourmet;https://www.gourmet.cl/recetas/roscas/;;
Queque de Zanahoria;Gourmet;https://www.gourmet.cl/recetas/queque-zanahoria/;70;12 
Torta Moka;Gourmet;https://www.gourmet.cl/recetas/torta-moka/;60;15 
Torta Selva Negra;Gourmet;https://www.gourmet.cl/recetas/torta-selva-negra/;60;15 
Torta de Piña;Gourmet;https://www.gourmet.cl/recetas/torta-de-pina/;60;15 
Copas de tres leches de lúcuma;Gourmet;https://www.gourmet.cl/recetas/copas-tres-leches-lucuma/;60;8
Empolvados con Fudge de Chocolate;Gourmet;https://www.gourmet.cl/recetas/empolvados-2/;;24
Rosquillas;Gourmet;https://www.gourmet.cl/recetas/rosquillas/;120;15
Trufas de Chocolate;Gourmet;https://www.gourmet.cl/recetas/trufas-de-chocolate/;40;30
Flan de Tres leches;Gourmet;https://www.gourmet.cl/recetas/flan-tres-leches/;65;8
Panqueques con Manjar y Crema;Gourmet;https://www.gourmet.cl/recetas/panqueques-manjar-crema/;20;8
Sémola con Leche;Gourmet;https://www.gourmet.cl/recetas/semola-con-leche/;35;6 
Baklava;Gourmet;https://www.gourmet.cl/recetas/baklava/;55;24
Prestigio Casero;Gourmet;https://www.gourmet.cl/recetas/prestigios-caseros/;20;
Tarta de Caramelo Salado y Chocolate;Gourmet;https://www.gourmet.cl/recetas/tarta-de-caramelo-salado-y-chocolate/;40;8 
Budín de Pan y Manzanas;Gourmet;https://www.gourmet.cl/recetas/budin-de-pan-y-manzanas/;105;10 
Torta Brownie con Manjar y Frutillas;Gourmet;https://www.gourmet.cl/recetas/torta-brownie-con-manjar-y-frutillas/;60;10 
Copones de Brownies con Mousse de Chocolates;Gourmet;https://www.gourmet.cl/recetas/copones-de-brownies-con-mousse-de-chocolates/;60;8
Paletas Heladas de Frutilla Jengibre y Limón...;Gourmet;https://www.gourmet.cl/recetas/paletas-heladas-de-frutilla-jengibre-y-limon.../;30;6
Torta Panqueque Naranja;Gourmet;https://www.gourmet.cl/recetas/torta-panqueque-naranja/;90;30 
Mousse de Manjar en Vasitos para Halloween;Gourmet;https://www.gourmet.cl/recetas/vasitos-de-manjar-halloween/;90;8
Torta Tres Colores;Gourmet;https://www.gourmet.cl/recetas/torta-tres-colores/;40;12 
Postre tibio de chocolate;Gourmet;https://www.gourmet.cl/recetas/postre-tibio-de-chocolate/;50;6 
Duraznos Asados;Gourmet;https://www.gourmet.cl/recetas/duraznos-asados/;45;4 
Postre Helado de Cookies and Cream;Gourmet;https://www.gourmet.cl/recetas/postre-helado-de-cookies-and-cream/;10;6 
Brigadeiros;Gourmet;https://www.gourmet.cl/recetas/brigadeiros/;15;24
Manzanas Acarameladas;Gourmet;https://www.gourmet.cl/recetas/manzanas-acarameladas/;20;4
Turrón de Vino;Gourmet;https://www.gourmet.cl/recetas/turron-de-vino/;30;6 
Triffle de Berries;Gourmet;https://www.gourmet.cl/recetas/triffle-de-berries/;90;6 
Torta Helada de Merengue Frambuesa;Gourmet;https://www.gourmet.cl/recetas/torta-de-merengue-y-frambuesa/;90;1
Strudel de Peras y Chocolate;Gourmet;https://www.gourmet.cl/recetas/strudel-de-peras-y-chocolate/;35;6 
Suspiro de Maracuya;Gourmet;https://www.gourmet.cl/recetas/suspiro-de-maracuya/;180;6 
Mousse de Tres Chocolates;Gourmet;https://www.gourmet.cl/recetas/mousse-de-tres-chocolates/;150;4 
Merengón con Helado Rápido de Berries;Gourmet;https://www.gourmet.cl/recetas/merengon-con-helado-rapido-de-berries/;60;8 
Crumble de Berries;Gourmet;https://www.gourmet.cl/recetas/crumble-de-berries/;40;9 
Almendrón Achocolatado;Gourmet;https://www.gourmet.cl/recetas/almendron-achocolatado/;40;8 
Cheesecake sin Horno con Salsa de Arándanos;Gourmet;https://www.gourmet.cl/recetas/cheesecake-sin-horno-con-salsa-de-arandanos/;25;6 
Moldes de Manzanas Acarameladas;Gourmet;https://www.gourmet.cl/recetas/moldes-de-manzanas-acarameladas/;35;4 
Pie de Limón;Gourmet;https://www.gourmet.cl/recetas/pie-de-limon/;40;6 
Jalea de Berries sin Azúcar;Gourmet;https://www.gourmet.cl/recetas/jalea-de-berries-sin-azucar/;20;10 
Frutillas con Sabayón de Pimientas;Gourmet;https://www.gourmet.cl/recetas/frutillas-con-sabayon-de-pimientas/;30;4 
Helado de Vainilla;Gourmet;https://www.gourmet.cl/recetas/helado-de-vainilla/;220;4 
Helado de Cardamomo;Gourmet;https://www.gourmet.cl/recetas/helado-de-cardamomo/;180;4 
Peras al Vino Tinto;Gourmet;https://www.gourmet.cl/recetas/peras-al-vino-tinto/;40;4 
Helado de Estrella de Anís;Gourmet;https://www.gourmet.cl/recetas/helado-de-estrella-de-anis/;180;4 
Flan de Anís;Gourmet;https://www.gourmet.cl/recetas/flan-de-anis/;60;4 
Pannacotta de Canela;Gourmet;https://www.gourmet.cl/recetas/pannacotta-de-canela/;50;4 
Helado de Canela;Gourmet;https://www.gourmet.cl/recetas/helado-de-canela/;60;4 
Parfait de Canela;Gourmet;https://www.gourmet.cl/recetas/parfait-de-canela/;480;4 
Tutti Frutti de Frutos Secos;Gourmet;https://www.gourmet.cl/recetas/tutti-frutti-de-frutos-secos/;30;4 
Crumble de Manzana;Gourmet;https://www.gourmet.cl/recetas/crumble-de-manzana/;50;4 
Panqueques Rellenos de Frutillas Acarameladas;Gourmet;https://www.gourmet.cl/recetas/crepes-rellenos-de-frutillas-acarameladas/;30;4 
Cupcakes de Naranja con Chocolate Blanco y...;Gourmet;https://www.gourmet.cl/recetas/cupcakes-de-naranja-con-chocolate-blanco-y.../;90;12 
Cheesecake;Gourmet;https://www.gourmet.cl/recetas/cheesecake/;80;10 
Flan de Manjar;Gourmet;https://www.gourmet.cl/recetas/flan-de-manjar/;70;8 
Volcán de Chocolate;Gourmet;https://www.gourmet.cl/recetas/volcan-de-chocolate/;120;6 
Helado de Canela a la Crema;Gourmet;https://www.gourmet.cl/recetas/helado-de-canela-a-la-crema/;;4 
Brownies de Corazón;Gourmet;https://www.gourmet.cl/recetas/brownies-de-corazon/;60;4 
Frutillas Bañadas en Chocolate;Gourmet;https://www.gourmet.cl/recetas/frutillas-banadas-en-chocolate/;30;16
Soufflé de Chocolate;Gourmet;https://www.gourmet.cl/recetas/souffle-de-chocolate/;60;6 
Capuccino Helado;Gourmet;https://www.gourmet.cl/recetas/capuccino-helado/;10;4 
Tiramisú;Gourmet;https://www.gourmet.cl/recetas/tiramisu/;180;20
Torta Mil Hojas;Gourmet;https://www.gourmet.cl/recetas/torta-mil-hojas/;600;15 
Postre de Lúcuma con Galletas;Gourmet;https://www.gourmet.cl/recetas/tronco-de-lucuma-y-almendras/;;
Tulipas Rellenas;Gourmet;https://www.gourmet.cl/recetas/tulipas-rellenas/;;
Yogurt con Berries;Gourmet;https://www.gourmet.cl/recetas/yogurt-con-berries/;;
Banana Split;Gourmet;https://www.gourmet.cl/recetas/banana-split/;30;2
Suspiro Limeño;Gourmet;https://www.gourmet.cl/recetas/suspiro-limeno/;35;8 
Papaya Rellena con Suspiro Limeño;Gourmet;https://www.gourmet.cl/recetas/papaya-rellena-con-suspiro-limeno/;;
Parfait de Vainilla;Gourmet;https://www.gourmet.cl/recetas/parfait-de-vainilla/;;
Pie de Limón de Pica;Gourmet;https://www.gourmet.cl/recetas/pie-de-limon-de-pica/;30;8 
Mousse de Chocolate con Chantilly;Gourmet;https://www.gourmet.cl/recetas/mousse-de-chocolate-con-chantilly/;20;4 
Mousse de Frutillas;Gourmet;https://www.gourmet.cl/recetas/mousse-de-frutillas/;;
Pannacotta de Vainilla sobre Masa Filo;Gourmet;https://www.gourmet.cl/recetas/pannacotta-de-vainilla-sobre-masa-filo/;6;4 
Panqueques de Manzana con Caramelo;Gourmet;https://www.gourmet.cl/recetas/panqueques-de-manzana-y-caramelo/;25;16
Panqueques con Salsa de Naranja;Gourmet;https://www.gourmet.cl/recetas/crepes-con-salsa-de-naranja/;;
Helado Artesanal de Frutilla;Gourmet;https://www.gourmet.cl/recetas/helado-artesanal-de-frutilla/;20;6 
Leche Asada;Gourmet;https://www.gourmet.cl/recetas/leche-asada/;60;6 
Leche Nevada;Gourmet;https://www.gourmet.cl/recetas/leche-nevada/;180;6 
Manzanas Asadas;Gourmet;https://www.gourmet.cl/recetas/manzanas-asadas/;30;6 
Flan de Cola de Mono;Gourmet;https://www.gourmet.cl/recetas/flan-de-cola-de-mono/;;
Creme Brulee;Gourmet;https://www.gourmet.cl/recetas/creme-brulee/;40;6 
Crumble de Berries;Gourmet;https://www.gourmet.cl/recetas/crumble-de-berries/;40;9 
Cupcake con Chips de Chocolate y Frambuesas;Gourmet;https://www.gourmet.cl/recetas/cupcake-con-chips-de-chocolate-y-frambuesas/;50;12
Corona rellena con Pastelera y Durazno;Gourmet;https://www.gourmet.cl/recetas/corona-rellena-con-pastelera-y-durazno/;30;6 
Celestinos y Frutas de la Estación;Gourmet;https://www.gourmet.cl/recetas/celestinos-y-frutas-de-la-estacion/;45;16 
Cheesecake de Frambuesas y Chocolate;Gourmet;https://www.gourmet.cl/recetas/cheesecake-de-frambuesas-y-chocolate/;360;10 
Brownies de Chocolate;Gourmet;https://www.gourmet.cl/recetas/brownies-de-chocolate/;50;16 
Mousse de Chocolate;Gourmet;https://www.gourmet.cl/recetas/mousse-de-chocolate/;;
Arroz con Leche;Gourmet;https://www.gourmet.cl/recetas/arroz-con-leche/;30;6 
Bavarois de Frambuesa;Gourmet;https://www.gourmet.cl/recetas/bavarois-de-frambuesa/;25;10
Bavarois de Pisco Sour;Gourmet;https://www.gourmet.cl/recetas/bavarois-de-pisco-sour/;240;8
Steaks de Coliflor con BBQ Merquén;Gourmet;https://www.gourmet.cl/recetas/steaks-de-coliflor-con-bbq-merquen/;45;4 
Lentejas con Arroz;Gourmet;https://www.gourmet.cl/recetas/lentejas-con-arroz/;80;6 
Molde de Arroz;Gourmet;https://www.gourmet.cl/recetas/molde-de-arroz/;35;8
Ensalada de Coleslaw;Gourmet;https://www.gourmet.cl/recetas/ensalada-de-coleslaw/;20;4 
Choclos a la Parrilla con Soya y Ají;Gourmet;https://www.gourmet.cl/recetas/choclos-la-parrilla-soya-aji-amarillo-sesamo/;;3
Guacamole;Gourmet;https://www.gourmet.cl/recetas/guacamole/;5;1
Sopa Toscana de Porotos;Gourmet;https://www.gourmet.cl/recetas/sopa-toscana-porotos/;30;4 
Mayonesa Vegana;Gourmet;https://www.gourmet.cl/recetas/mayonesa-vegana/;;10
Zapallo Spaghetti con Tomate Cherry y Albahaca;Gourmet;https://www.gourmet.cl/recetas/zapallo-spaghetti-tomate-cherry-albahaca/;60;2 
Leche Asada Vegana;Gourmet;https://www.gourmet.cl/recetas/leche-asada-vegana/;;4 
Hummus de Zanahoria;Gourmet;https://www.gourmet.cl/recetas/hummus-de-zanahoria/;10;1 
Queque de Zanahoria Vegano;Gourmet;https://www.gourmet.cl/recetas/queque-zanahoria-vegano/;45;6 
Manjar de Dátiles;Gourmet;https://www.gourmet.cl/recetas/manjar-de-datiles/;10;4
Brownie Vegano;Gourmet;https://www.gourmet.cl/recetas/brownie-vegano/;30;16 
Ensalada Chilena;Gourmet;https://www.gourmet.cl/recetas/ensalada-chilena/;20;4 
Pan Árabe Plano;Gourmet;https://www.gourmet.cl/recetas/pan-plano-arabe/;100;6
Baba Ganoush;Gourmet;https://www.gourmet.cl/recetas/baba-ganoush/;35;6
Ratatouille;Gourmet;https://www.gourmet.cl/recetas/ratatouille/;45;6
Parrilla de Verduras Asadas;Gourmet;https://www.gourmet.cl/recetas/parrilla-de-verduras-asadas/;60;6 
Garbanzos;Gourmet;https://www.gourmet.cl/recetas/sopa-de-garbanzos/;170;6 
Chips de Vegetales Horneados;Gourmet;https://www.gourmet.cl/recetas/chips-de-vegetales-horneados/;55;4 
Hummus;Gourmet;https://www.gourmet.cl/recetas/hummus/;10;4 
Chips de Manzana con Canela;Gourmet;https://www.gourmet.cl/recetas/chips-de-manzana-con-canela/;120;2 
Ceviche de Champiñones;Gourmet;https://www.gourmet.cl/recetas/cebiche-de-champinones/;20;8
Arroz Primavera;Gourmet;https://www.gourmet.cl/recetas/arroz-primavera/;30;10
Crema de Verduras;Gourmet;https://www.gourmet.cl/recetas/crema-de-verduras/;40;6
Couscous con Zanahorias y Cilantro;Gourmet;https://www.gourmet.cl/recetas/couscous-con-zanahorias-y-cilantro/;30;4
Guiso de Verduras;Gourmet;https://www.gourmet.cl/recetas/guiso-de-verduras/;40;4
Ensalada de Porotos Granados;Gourmet;https://www.gourmet.cl/recetas/ensalada-de-porotos-granados/;10;8
Curry de Verduras;Gourmet;https://www.gourmet.cl/recetas/curry-de-verduras/;50;4
Tutti Frutti de Frutos Secos;Gourmet;https://www.gourmet.cl/recetas/tutti-frutti-de-frutos-secos/;30;4
Risotto de Champiñones;Gourmet;https://www.gourmet.cl/recetas/risotto-de-champinones/;50;6
Crema de Zapallo Camote;Gourmet;https://www.gourmet.cl/recetas/crema-de-zapallo-camote/;40;6